{"theta0": -4.1666666666666665e-05, "theta1": -4.1666666666666665e-05}