{"theta0": 8499.599649933214, "theta1": -0.02144896359170229}