{"theta0": 8499.57146166629, "theta1": -0.021448718632526276}